Type,MPG,Date,Time,Vehicle,Odometer,Filled Up,Cost/Gallon,Gallons,Total Cost,Octane,Gas Brand,Location,Tags,Payment Type,Tire Pressure,Notes,Services
Gas,0.0,2016-02-19,8:49 AM,Golf R,375,Partial,$2.299,10.62,$24.42,Premium [Octane: 91],Citgo,,,American Express,0,,
Gas,24.98,2016-02-23,8:49 AM,Golf R,657,Full,$2.279,11.29,$25.73,Premium [Octane: 91],Citgo,,,American Express,0,,
Gas,21.98,2016-03-02,8:49 AM,Golf R,897,Full,$2.279,10.92,$24.89,Premium [Octane: 91],Citgo,,,American Express,0,,
Gas,19.33,2016-03-11,8:49 AM,Golf R,1134,Full,$3.119,12.26,$38.24,Premium [Octane: 91],Citgo,,,American Express,0,,
Gas,22.28,2016-03-18,8:49 AM,Golf R,1410,Full,$2.139,12.39,$26.5,Premium [Octane: 91],Citgo,,,American Express,0,,
Gas,28.56,2016-03-20,8:49 AM,Golf R,1655,Full,$2.159,8.58,$18.52,Premium [Octane: 91],Citgo,,,American Express,0,,
Gas,24.36,2016-03-25,8:49 AM,Golf R,1875,Full,$2.189,9.03,$19.77,Premium [Octane: 91],Citgo,,,American Express,0,,
Gas,25.39,2016-03-27,8:49 AM,Golf R,2197,Full,$2.189,12.68,$27.76,Premium [Octane: 91],Citgo,,,American Express,0,,
Gas,21.26,2016-04-06,8:49 AM,Golf R,2446,Full,$2.579,11.71,$30.2,Premium [Octane: 91],Citgo,,,American Express,0,,
Gas,20.08,2016-04-13,8:49 AM,Golf R,2661,Full,$2.679,10.71,$28.69,Premium [Octane: 91],Citgo,,,American Express,0,,
Gas,21.11,2016-04-19,8:49 AM,Golf R,2867,Full,$2.779,9.76,$27.12,Premium [Octane: 91],Citgo,,,American Express,0,,
Gas,20.3,2016-04-27,8:49 AM,Golf R,3094,Full,$2.719,11.18,$30.4,Premium [Octane: 91],Citgo,,,American Express,0,,
Gas,20.04,2016-05-05,8:49 AM,Golf R,3301,Full,$2.759,10.33,$28.5,Premium [Octane: 91],Citgo,,,American Express,0,,
Gas,20.29,2016-05-13,8:49 AM,Golf R,3537,Full,$2.879,11.63,$33.48,Premium [Octane: 91],Citgo,,,American Express,0,,
Gas,19.65,2016-05-23,8:49 AM,Golf R,3752,Full,$2.939,10.94,$32.15,Premium [Octane: 91],Citgo,,,American Express,0,,
Gas,21.77,2016-06-01,8:49 AM,Golf R,3956,Full,$2.939,9.37,$27.54,Premium [Octane: 91],Citgo,,,American Express,0,,
Gas,0.0,2016-06-09,8:49 AM,Golf R,4242,Partial,$2.839,5.28,$14.99,Premium [Octane: 91],Citgo,,,American Express,0,,
Gas,22.26,2016-06-10,8:49 AM,Golf R,4356,Full,$2.569,12.69,$32.6,Premium [Octane: 91],Citgo,,,American Express,0,,
Gas,26.3,2016-06-12,8:49 AM,Golf R,4584,Full,$2.589,8.67,$22.45,Premium [Octane: 91],Citgo,,,American Express,0,,
Gas,20.45,2016-06-21,8:49 AM,Golf R,4837,Full,$2.779,12.37,$34.38,Premium [Octane: 91],Citgo,,,American Express,0,,
Gas,21.77,2016-06-29,8:49 AM,Golf R,5078,Full,$2.739,11.07,$30.32,Premium [Octane: 91],Citgo,,,American Express,0,,
Gas,19.63,2016-07-12,8:49 AM,Golf R,5324,Full,$2.679,12.53,$33.57,Premium [Octane: 91],Citgo,,,American Express,0,,
Gas,20.35,2016-07-18,8:49 AM,Golf R,5577,Full,$2.619,12.43,$32.55,Premium [Octane: 91],Citgo,,,American Express,0,,
Gas,20.14,2016-07-25,8:49 AM,Golf R,5723,Full,$2.619,7.25,$18.99,Premium [Octane: 91],Citgo,,,American Express,0,,
Gas,24.81,2016-07-27,8:49 AM,Golf R,5853,Full,$2.639,5.24,$13.83,Premium [Octane: 91],Citgo,,,American Express,0,,
Gas,24.29,2016-07-28,8:49 AM,Golf R,6108,Full,$2.579,10.5,$27.08,Premium [Octane: 91],Citgo,,,American Express,0,,
Gas,21.45,2016-08-07,8:49 AM,Golf R,6356,Full,$2.749,11.56,$31.78,Premium [Octane: 91],Citgo,,,American Express,0,,
Gas,22.96,2016-08-11,8:49 AM,Golf R,6595,Full,$2.439,10.41,$25.39,Premium [Octane: 91],Citgo,,,American Express,0,,
Gas,25.83,2016-08-14,8:49 AM,Golf R,6914,Full,$2.599,12.35,$32.1,Premium [Octane: 91],Citgo,,,American Express,0,,
Gas,19.92,2016-08-25,8:49 AM,Golf R,7168,Full,$2.679,12.75,$34.16,Premium [Octane: 91],Citgo,,,American Express,0,,
Gas,22.65,2016-08-31,8:49 AM,Golf R,7430,Full,$2.459,11.57,$28.45,Premium [Octane: 91],Citgo,,,American Express,0,,
Gas,24.28,2016-09-06,8:49 AM,Golf R,7725,Full,$2.489,12.15,$30.24,Premium [Octane: 91],Citgo,,,American Express,0,,
Gas,21.93,2016-09-16,8:49 AM,Golf R,8007,Full,$2.659,12.857,$34.19,Premium [Octane: 91],Citgo,,,American Express,0,,
Gas,20.63,2016-09-27,8:49 AM,Golf R,8251,Full,$2.739,11.829,$32.4,Premium [Octane: 91],Citgo,,,American Express,0,,
Gas,21.75,2016-10-07,8:49 AM,Golf R,8515,Full,$2.739,12.139,$33.25,Premium [Octane: 91],Citgo,,,American Express,0,,
Gas,21.22,2016-10-15,8:49 AM,Golf R,8730,Full,$2.539,10.134,$25.73,Premium [Octane: 91],Citgo,,,American Express,0,,
Gas,20.02,2016-10-24,8:49 AM,Golf R,8979,Full,$2.759,12.439,$34.32,Premium [Octane: 91],Citgo,,,American Express,0,,
Gas,21.27,2016-10-30,8:49 AM,Golf R,9242,Full,$2.699,12.364,$33.37,Premium [Octane: 91],Citgo,,,American Express,0,,
Gas,22.61,2016-11-05,8:49 AM,Golf R,9519,Full,$2.759,12.254,$33.81,Premium [Octane: 91],Citgo,,,American Express,0,,
Gas,23.38,2016-11-10,8:49 AM,Golf R,9797,Full,$2.499,11.893,$29.72,Premium [Octane: 91],Citgo,,,American Express,0,,
Gas,21.66,2016-11-17,8:49 AM,Golf R,10057,Full,$2.719,12.004,$32.64,Premium [Octane: 91],Citgo,,,American Express,0,,
Gas,22.64,2016-11-23,8:49 AM,Golf R,10317,Full,$2.709,11.484,$31.11,Premium [Octane: 91],Citgo,,,American Express,0,,
Gas,27.36,2016-11-27,8:49 AM,Golf R,10564,Full,$2.689,9.029,$24.28,Premium [Octane: 91],Citgo,,,American Express,0,,
Gas,25.85,2016-11-30,8:49 AM,Golf R,10848,Full,$2.809,10.986,$30.86,Premium [Octane: 91],Citgo,,,American Express,0,,
Gas,24.77,2016-12-05,8:49 AM,Golf R,11122,Full,$2.909,11.062,$32.18,Premium [Octane: 91],Citgo,,,American Express,0,,
Gas,24.65,2016-12-08,8:49 AM,Golf R,11405,Full,$2.819,11.479,$32.36,Premium [Octane: 91],Citgo,,,American Express,0,,
Gas,24.35,2016-12-13,8:49 AM,Golf R,11704,Full,$2.899,12.278,$35.59,Premium [Octane: 91],Citgo,,,American Express,0,,
Gas,0.0,2016-12-20,8:49 AM,Golf R,11963,Partial,$2.879,11.06,$31.84,Premium [Octane: 91],Citgo,,,American Express,0,,
Gas,25.64,2016-12-28,8:49 AM,Golf R,12231,Full,$2.779,10.453,$29.05,Premium [Octane: 91],Citgo,,,American Express,0,,
Gas,0.0,2017-01-02,8:49 AM,Golf R,12462,Partial,$3.069,6.533,$20.05,Premium [Octane: 91],Citgo,,,American Express,0,,
Gas,25.37,2017-01-03,8:49 AM,Golf R,12670,Full,$3.119,10.773,$33.6,Premium [Octane: 91],Citgo,,,American Express,0,,
Gas,24.83,2017-01-10,8:49 AM,Golf R,12989,Full,$2.959,12.849,$38.02,Premium [Octane: 91],Citgo,,,American Express,0,,
Gas,23.63,2017-01-15,8:49 AM,Golf R,13254,Full,$2.919,11.213,$32.73,Premium [Octane: 91],Citgo,,,American Express,0,,
Gas,24.45,2017-01-23,8:49 AM,Golf R,13561,Full,$3.039,12.555,$38.15,Premium [Octane: 91],Citgo,,,American Express,0,,
Gas,23.41,2017-01-26,8:49 AM,Golf R,13767,Full,$2.949,8.8,$25.95,Premium [Octane: 91],Citgo,,,American Express,0,,
Gas,28.97,2017-01-29,8:49 AM,Golf R,14003,Full,$3.079,8.146,$25.08,Premium [Octane: 91],Citgo,,,American Express,0,,
Gas,25.11,2017-02-01,8:49 AM,Golf R,14295,Full,$3.019,11.63,$35.11,Premium [Octane: 91],Citgo,,,American Express,0,,
Gas,23.83,2017-02-07,8:49 AM,Golf R,14560,Full,$2.81,11.122,$31.25,Premium [Octane: 91],Citgo,,,American Express,0,,
Gas,24.11,2017-02-16,8:49 AM,Golf R,14855,Full,$2.87,12.234,$35.11,Premium [Octane: 91],Citgo,,,American Express,0,,
Gas,25.88,2017-02-25,8:49 AM,Golf R,15173,Full,$2.789,12.288,$34.27,Premium [Octane: 91],Citgo,,,American Express,0,,
Gas,30.28,2017-02-28,8:49 AM,Golf R,15499,Full,$2.799,10.765,$30.13,Premium [Octane: 91],Citgo,,,American Express,0,,
Gas,18.85,2017-03-06,8:49 AM,Golf R,15728,Full,$2.949,12.147,$35.82,Premium [Octane: 91],Citgo,,,American Express,0,,
Gas,24.41,2017-03-08,8:49 AM,Golf R,15930,Full,$2.799,8.275,$23.16,Premium [Octane: 91],Citgo,,,American Express,0,,
Gas,23.85,2017-03-16,8:49 AM,Golf R,16152,Full,$2.759,9.308,$25.68,Premium [Octane: 91],Citgo,,,American Express,0,,
Gas,23.88,2017-03-22,8:49 AM,Golf R,16426,Full,$2.759,11.475,$31.66,Premium [Octane: 91],Citgo,,,American Express,0,,
Gas,23.5,2017-03-27,8:49 AM,Golf R,16703,Full,$2.739,11.789,$32.29,Premium [Octane: 91],Citgo,,,American Express,0,,
Gas,24.38,2017-04-03,8:49 AM,Golf R,16983,Full,$2.779,11.486,$31.92,Premium [Octane: 91],Citgo,,,American Express,0,,
Gas,23.54,2017-04-06,8:49 AM,Golf R,17183,Full,$3.089,8.495,$26.24,Premium [Octane: 91],Citgo,,,American Express,0,,
Gas,23.78,2017-04-12,8:49 AM,Golf R,17445,Full,$3.099,11.02,$34.15,Premium [Octane: 91],Citgo,,,American Express,0,,
Gas,24.71,2017-04-18,8:49 AM,Golf R,17694,Full,$2.999,10.077,$30.22,Premium [Octane: 91],Citgo,,,American Express,0,,
Gas,22.56,2017-04-24,8:49 AM,Golf R,17970,Full,$3.149,12.232,$38.52,Premium [Octane: 91],Citgo,,,American Express,0,,
Gas,23.96,2017-04-28,8:49 AM,Golf R,18271,Full,$2.999,12.561,$37.67,Premium [Octane: 91],Citgo,,,American Express,0,,
Gas,23.97,2017-05-04,8:49 AM,Golf R,18519,Full,$2.899,10.348,$30.0,Premium [Octane: 91],Citgo,,,American Express,0,,
Gas,23.61,2017-05-11,8:49 AM,Golf R,18778,Full,$2.839,10.969,$31.14,Premium [Octane: 91],Citgo,,,American Express,0,,
Gas,24.91,2017-05-16,8:49 AM,Golf R,19086,Full,$3.009,12.363,$37.2,Premium [Octane: 91],Citgo,,,American Express,0,,
Gas,23.56,2017-05-20,8:49 AM,Golf R,19282,Full,$2.799,8.321,$23.29,Premium [Octane: 91],Citgo,,,American Express,0,,
Gas,25.34,2017-05-21,8:49 AM,Golf R,19597,Full,$3.159,12.431,$39.27,Premium [Octane: 91],Citgo,,,American Express,0,,
Gas,27.55,2017-05-22,8:49 AM,Golf R,19922,Full,$3.099,11.797,$36.56,Premium [Octane: 91],Citgo,,,American Express,0,,
Gas,24.8,2017-05-25,8:49 AM,Golf R,20243,Full,$2.879,12.945,$37.27,Premium [Octane: 91],Citgo,,,American Express,0,,
Gas,25.83,2017-06-01,8:49 AM,Golf R,20559,Full,$2.879,12.233,$35.22,Premium [Octane: 91],Citgo,,,American Express,0,,
Gas,25.43,2017-06-06,8:49 AM,Golf R,20893,Full,$2.859,13.134,$37.55,Premium [Octane: 91],Citgo,,,American Express,0,,
Gas,24.85,2017-06-12,8:49 AM,Golf R,21183,Full,$2.859,11.672,$33.37,Premium [Octane: 91],Citgo,,,American Express,0,,
Gas,24.75,2017-06-16,8:49 AM,Golf R,21509,Full,$2.839,13.17,$37.39,Premium [Octane: 91],Citgo,,,American Express,0,,
Gas,23.94,2017-06-21,8:49 AM,Golf R,21760,Full,$2.839,10.486,$29.77,Premium [Octane: 91],Citgo,,,American Express,0,,
Gas,23.53,2017-06-26,8:49 AM,Golf R,22022,Full,$2.799,11.133,$31.16,Premium [Octane: 91],Citgo,,,American Express,0,,
Gas,25.22,2017-06-30,8:49 AM,Golf R,22355,Full,$2.799,13.205,$36.96,Premium [Octane: 91],Citgo,,,American Express,0,,
Gas,24.61,2017-07-10,8:49 AM,Golf R,22623,Full,$2.859,10.888,$31.13,Premium [Octane: 91],Citgo,,,American Express,0,,
Gas,25.15,2017-07-17,8:49 AM,Golf R,22929,Full,$2.859,12.169,$34.79,Premium [Octane: 91],Citgo,,,American Express,0,,
Gas,23.39,2017-07-20,8:49 AM,Golf R,23182,Full,$2.859,10.818,$30.93,Premium [Octane: 91],Citgo,,,American Express,0,,
Gas,22.85,2017-07-26,8:49 AM,Golf R,23433,Full,$2.859,10.983,$31.4,Premium [Octane: 91],Citgo,,,American Express,0,,
Gas,23.53,2017-08-05,8:49 AM,Golf R,23636,Full,$2.899,8.627,$25.01,Premium [Octane: 91],Citgo,,,American Express,0,,
Gas,25.09,2017-08-09,8:49 AM,Golf R,23918,Full,$2.899,11.24,$32.58,Premium [Octane: 91],Citgo,,,American Express,0,,
Gas,24.91,2017-08-16,8:49 AM,Golf R,24225,Full,$2.979,12.326,$36.72,Premium [Octane: 91],Citgo,,,American Express,0,,
Gas,24.59,2017-08-22,8:49 AM,Golf R,24497,Full,$2.819,11.061,$31.18,Premium [Octane: 91],Citgo,,,American Express,0,,
Gas,24.89,2017-08-24,8:49 AM,Golf R,24753,Full,$2.779,10.284,$28.58,Premium [Octane: 91],Citgo,,,American Express,0,,
Gas,24.69,2017-08-30,8:49 AM,Golf R,25064,Full,$2.899,12.594,$36.51,Premium [Octane: 91],Citgo,,,American Express,0,,
Gas,23.71,2017-09-01,8:49 AM,Golf R,25236,Full,$3.009,7.255,$21.83,Premium [Octane: 91],Citgo,,,American Express,0,,
Gas,0.0,2017-09-04,8:49 AM,Golf R,25573,Partial,$3.179,7.867,$25.01,Premium [Octane: 91],Citgo,,,American Express,0,,
Gas,26.84,2017-09-05,8:49 AM,Golf R,25706,Full,$3.029,9.647,$29.22,Premium [Octane: 91],Citgo,,,American Express,0,,
Gas,24.5,2017-09-07,8:49 AM,Golf R,26022,Full,$3.319,12.898,$42.81,Premium [Octane: 91],Citgo,,,American Express,0,,
Gas,21.77,2017-09-18,8:49 AM,Golf R,26238,Full,$3.199,9.922,$31.74,Premium [Octane: 91],Citgo,,,American Express,0,,
Gas,23.11,2017-09-21,8:49 AM,Golf R,26494,Full,$3.199,11.078,$35.44,Premium [Octane: 91],Citgo,,,American Express,0,,
Gas,21.48,2017-10-06,8:49 AM,Golf R,26712,Full,$3.059,10.147,$31.04,Premium [Octane: 91],Citgo,,,American Express,0,,
Gas,22.01,2017-10-28,8:49 AM,Golf R,26992,Full,$3.019,12.721,$38.4,Premium [Octane: 91],Citgo,,,American Express,0,,
Gas,18.54,2017-12-02,8:49 AM,Golf R,27182,Full,$2.999,10.25,$30.74,Premium [Octane: 91],Citgo,,,American Express,0,,
Gas,22.41,2017-12-20,8:49 AM,Golf R,27413,Full,$2.959,10.306,$30.5,Premium [Octane: 91],Citgo,,,American Express,0,,
Gas,0.0,2018-01-01,8:49 AM,Golf R,27655,Partial,$2.839,8.806,$25.0,Premium [Octane: 91],Citgo,,,American Express,0,,
Gas,25.28,2018-01-03,8:49 AM,Golf R,27910,Full,$3.259,10.855,$35.38,Premium [Octane: 91],Citgo,,,American Express,0,,
Gas,21.53,2018-01-15,8:49 AM,Golf R,28078,Full,$3.239,7.802,$25.27,Premium [Octane: 91],Citgo,,,American Express,0,,
Gas,20.85,2018-02-22,8:49 AM,Golf R,28331,Full,$3.099,12.133,$37.6,Premium [Octane: 91],Citgo,,,American Express,0,,
Gas,23.0,2018-03-03,8:49 AM,Golf R,28594,Full,$3.269,11.435,$37.38,Premium [Octane: 91],Citgo,,,American Express,0,,
Gas,26.13,2018-03-05,8:49 AM,Golf R,28913,Full,$3.099,12.207,$37.83,Premium [Octane: 91],Citgo,,,American Express,0,,
Gas,20.57,2018-03-31,8:49 AM,Golf R,29036,Full,$2.979,5.979,$17.81,Premium [Octane: 91],Citgo,,,American Express,0,,
Gas,26.82,2018-04-05,8:49 AM,Golf R,29343,Full,$3.179,11.447,$36.39,Premium [Octane: 91],Citgo,,,American Express,0,,
Gas,20.92,2018-05-11,8:49 AM,Golf R,29540,Full,$3.299,9.418,$31.07,Premium [Octane: 91],Citgo,,,American Express,0,,
Gas,24.37,2018-05-17,8:49 AM,Golf R,29698,Full,$3.339,6.484,$21.65,Premium [Octane: 91],Citgo,,,American Express,0,,
Gas,18.98,2018-05-20,8:49 AM,Golf R,29970,Full,$2.599,14.332,$37.25,Premium [Octane: 91],Citgo,,,American Express,0,,
Gas,27.43,2018-05-24,8:49 AM,Golf R,30238,Full,$3.419,9.769,$33.4,Premium [Octane: 91],Citgo,,,American Express,0,,
Gas,23.11,2018-06-09,8:49 AM,Golf R,30500,Full,$3.369,11.336,$38.19,Premium [Octane: 91],Citgo,,,American Express,0,,
Gas,19.38,2018-09-01,8:49 AM,Golf R,30614,Full,$3.259,5.882,$19.17,Premium [Octane: 91],Citgo,,,American Express,0,,
Gas,28.36,2018-09-04,8:49 AM,Golf R,30980,Full,$3.359,12.906,$43.35,Premium [Octane: 91],Citgo,,,American Express,0,,
Gas,22.15,2018-09-19,8:49 AM,Golf R,31230,Full,$3.499,11.289,$39.5,Premium [Octane: 91],Citgo,,,American Express,0,,
Gas,27.73,2018-09-21,8:49 AM,Golf R,31510,Full,$3.659,10.098,$36.95,Premium [Octane: 91],Citgo,,,American Express,0,,
Gas,28.18,2018-09-22,8:49 AM,Golf R,31837,Full,$3.539,11.605,$41.07,Premium [Octane: 91],Citgo,,,American Express,0,,
Gas,24.55,2018-10-11,8:49 AM,Golf R,31975,Full,$3.359,5.621,$18.88,Premium [Octane: 91],Citgo,,,American Express,0,,
Gas,22.92,2018-11-06,8:49 AM,Golf R,32209,Full,$3.259,10.209,$33.27,Premium [Octane: 91],Citgo,,,American Express,0,,
Gas,17.92,2018-12-20,8:49 AM,Golf R,32415,Full,$2.952,11.495,$33.93,Premium [Octane: 91],Citgo,,,American Express,0,,
Gas,27.56,2018-12-27,8:49 AM,Golf R,32741,Full,$3.129,11.828,$37.01,Premium [Octane: 91],Citgo,,,American Express,0,,
Gas,25.91,2019-01-01,8:49 AM,Golf R,32948,Full,$2.789,7.989,$22.28,Premium [Octane: 91],Citgo,,,American Express,0,,
Gas,23.67,2019-02-02,8:49 AM,Golf R,33194,Full,$2.839,10.395,$29.51,Premium [Octane: 91],Citgo,,,American Express,0,,
Gas,19.43,2019-03-22,8:49 AM,Golf R,33416,Full,$3.239,11.423,$37.0,Premium [Octane: 91],Citgo,,,American Express,0,,
Gas,28.83,2019-03-25,8:49 AM,Golf R,33641,Full,$3.279,7.804,$25.59,Premium [Octane: 91],Citgo,,,American Express,0,,
Gas,28.22,2019-03-31,8:49 AM,Golf R,33983,Full,$3.289,12.119,$39.86,Premium [Octane: 91],Citgo,,,American Express,0,,
Gas,20.98,2019-04-08,8:49 AM,Golf R,34226,Full,$3.219,11.584,$37.29,Premium [Octane: 91],Citgo,,,American Express,0,,
Gas,20.09,2019-04-19,8:49 AM,Golf R,34419,Full,$3.319,9.608,$31.89,Premium [Octane: 91],Citgo,,,American Express,0,,
Gas,21.02,2019-04-30,8:49 AM,Golf R,34657,Full,$3.439,11.323,$38.94,Premium [Octane: 91],Citgo,,,American Express,0,,
Gas,18.07,2019-05-11,8:49 AM,Golf R,34859,Full,$3.399,11.18,$38.0,Premium [Octane: 91],Citgo,,,American Express,0,,
Gas,20.18,2019-05-21,8:49 AM,Golf R,35068,Full,$3.399,10.359,$35.21,Premium [Octane: 91],Citgo,,,American Express,0,,
Gas,19.19,2019-06-03,8:49 AM,Golf R,35287,Full,$3.319,11.413,$37.88,Premium [Octane: 91],Citgo,,,American Express,0,,
Gas,17.47,2019-06-18,8:49 AM,Golf R,35493,Full,$3.279,11.79,$38.66,Premium [Octane: 91],Citgo,,,American Express,0,,
Gas,19.6,2019-06-28,8:49 AM,Golf R,35671,Full,$3.299,9.082,$29.96,Premium [Octane: 91],Citgo,,,American Express,0,,
Gas,23.95,2019-06-29,8:49 AM,Golf R,35946,Full,$3.599,11.481,$41.32,Premium [Octane: 91],Citgo,,,American Express,0,,
Gas,25.8,2019-07-01,8:49 AM,Golf R,36267,Full,$3.739,12.442,$46.52,Premium [Octane: 91],Citgo,,,American Express,0,,
Gas,23.97,2019-07-02,8:49 AM,Golf R,36488,Full,$3.299,9.221,$30.42,Premium [Octane: 91],Citgo,,,American Express,0,,
Gas,17.71,2019-07-20,8:49 AM,Golf R,36706,Full,$3.279,12.309,$40.36,Premium [Octane: 91],Citgo,,,American Express,0,,
Gas,21.58,2019-07-30,8:49 AM,Golf R,36951,Full,$3.279,11.351,$37.22,Premium [Octane: 91],Citgo,,,American Express,0,,
Gas,25.22,2019-08-05,8:49 AM,Golf R,37278,Full,$3.259,12.967,$42.26,Premium [Octane: 91],Citgo,,,American Express,0,,
Gas,20.48,2019-08-14,8:49 AM,Golf R,37495,Full,$3.429,10.598,$36.34,Premium [Octane: 91],Citgo,,,American Express,0,,
Gas,28.17,2019-08-15,8:49 AM,Golf R,37824,Full,$3.259,11.678,$38.06,Premium [Octane: 91],Citgo,,,American Express,0,,
Gas,24.53,2019-08-17,8:49 AM,Golf R,38118,Full,$3.169,11.985,$37.98,Premium [Octane: 91],Citgo,,,American Express,0,,
Gas,26.78,2019-08-18,8:49 AM,Golf R,38429,Full,$3.319,11.612,$38.54,Premium [Octane: 91],Citgo,,,American Express,0,,
Gas,23.5,2019-08-23,8:49 AM,Golf R,38701,Full,$3.159,11.576,$36.57,Premium [Octane: 91],Citgo,,,American Express,0,,
Gas,19.36,2019-09-10,8:49 AM,Golf R,38933,Full,$3.079,11.981,$36.89,Premium [Octane: 91],Citgo,,,American Express,0,,
Gas,17.17,2019-09-23,8:49 AM,Golf R,39116,Full,$3.199,10.66,$34.1,Premium [Octane: 91],Citgo,,,American Express,0,,
Gas,18.31,2019-10-10,8:49 AM,Golf R,39343,Full,$3.059,12.396,$37.92,Premium [Octane: 91],Citgo,,,American Express,0,,
Gas,26.46,2019-10-14,8:49 AM,Golf R,39649,Full,$3.299,11.564,$38.15,Premium [Octane: 91],Citgo,,,American Express,0,,
Gas,20.27,2019-10-28,8:49 AM,Golf R,39871,Full,$3.099,10.955,$33.95,Premium [Octane: 91],Citgo,,,American Express,0,,
Gas,17.59,2019-11-12,8:49 AM,Golf R,40059,Full,$3.219,10.687,$34.4,Premium [Octane: 91],Citgo,,,American Express,0,,
Gas,19.96,2019-11-26,8:49 AM,Golf R,40297,Full,$3.179,11.922,$37.9,Premium [Octane: 91],Citgo,,,American Express,0,,
Gas,25.91,2019-11-30,8:49 AM,Golf R,40555,Full,$2.899,9.959,$28.87,Premium [Octane: 91],Citgo,,,American Express,0,,
Gas,25.49,2019-12-03,8:49 AM,Golf R,40804,Full,$3.279,9.768,$32.03,Premium [Octane: 91],Citgo,,,American Express,0,,
Gas,19.73,2019-12-13,8:49 AM,Golf R,41014,Full,$3.179,10.642,$33.83,Premium [Octane: 91],Citgo,,,American Express,0,,
Gas,18.62,2019-12-21,8:49 AM,Golf R,41194,Full,$3.179,9.667,$30.73,Premium [Octane: 91],Citgo,,,American Express,0,,
Gas,22.03,2020-01-13,8:49 AM,Golf R,41436,Full,$3.219,10.985,$35.36,Premium [Octane: 91],Citgo,,,American Express,0,,
Gas,20.65,2020-01-28,8:49 AM,Golf R,41644,Full,$3.059,10.072,$30.81,Premium [Octane: 91],Citgo,,,American Express,0,,
Gas,18.33,2020-02-11,8:49 AM,Golf R,41844,Full,$2.959,10.909,$32.28,Premium [Octane: 91],Citgo,,,American Express,0,,
Gas,18.55,2020-02-25,8:49 AM,Golf R,42061,Full,$3.039,11.698,$35.55,Premium [Octane: 91],Citgo,,,American Express,0,,
Gas,21.05,2020-03-10,8:49 AM,Golf R,42295,Full,$2.879,11.115,$32.0,Premium [Octane: 91],Citgo,,,American Express,0,,
Gas,17.29,2020-05-14,8:49 AM,Golf R,42482,Full,$2.539,10.818,$27.47,Premium [Octane: 91],Citgo,,,American Express,0,,
Gas,19.51,2020-07-01,8:49 AM,Golf R,42696,Full,$2.839,10.969,$31.14,Premium [Octane: 91],Citgo,,,American Express,0,,
Gas,26.13,2020-07-12,8:49 AM,Golf R,42908,Full,$2.699,8.114,$21.9,Premium [Octane: 91],Citgo,,,American Express,0,,
Gas,24.35,2020-08-09,8:49 AM,Golf R,43133,Full,$2.739,9.241,$25.31,Premium [Octane: 91],Citgo,,,American Express,0,,
Gas,24.26,2020-08-16,8:49 AM,Golf R,43350,Full,$3.159,8.946,$28.26,Premium [Octane: 91],Citgo,,,American Express,0,,
Gas,21.08,2020-09-20,8:49 AM,Golf R,43569,Full,$2.839,10.387,$29.49,Premium [Octane: 91],Citgo,,,American Express,0,,
Gas,16.74,2020-10-30,8:49 AM,Golf R,43667,Full,$2.739,5.853,$16.03,Premium [Octane: 91],Citgo,,,American Express,0,,
Gas,22.68,2020-11-07,8:49 AM,Golf R,43955,Full,$2.839,12.698,$36.05,Premium [Octane: 91],Citgo,,,American Express,0,,
Gas,17.6,2020-12-22,8:49 AM,Golf R,44125,Full,$2.393,9.659,$23.11,Premium [Octane: 91],Citgo,,,American Express,0,,
Gas,24.36,2020-12-29,8:49 AM,Golf R,44425,Full,$2.989,12.315,$36.81,Premium [Octane: 91],Citgo,,,American Express,0,,
Gas,16.45,2021-03-15,8:49 AM,Golf R,44586,Full,$3.299,9.785,$32.28,Premium [Octane: 91],Citgo,,,American Express,0,,
Gas,,2021-03-20,8:49 AM,Golf R,44800,Full,$3.249,9.304,$30.23,Premium [Octane: 91],Citgo,,,American Express,0,,
Gas,,2021-04-12,8:49 AM,Golf R,45026,Full,$3.199,9.118,$29.17,Premium [Octane: 91],Citgo,,,American Express,0,,
Gas,15.02,2021-05-31,8:49 AM,Golf R,45132,Full,$3.519,7.059,$24.84,Premium [Octane: 91],Citgo,,,American Express,0,,
Gas,26.65,2021-06-13,8:49 AM,Golf R,45323,Full,$3.499,7.168,$25.08,Premium [Octane: 91],Citgo,,,American Express,0,,
Gas,21.65,2021-06-19,8:49 AM,Golf R,45513,Full,$3.519,8.778,$30.89,Premium [Octane: 91],Citgo,,,American Express,0,,
Gas,18.88,2021-08-21,8:49 AM,Golf R,45745,Full,$3.659,12.288,$44.96,Premium [Octane: 91],Citgo,,,American Express,0,,
Gas,19.89,2021-10-08,8:49 AM,Golf R,45918,Full,$3.699,8.697,$32.17,Premium [Octane: 91],Citgo,,,American Express,0,,
Gas,27.61,2021-10-11,8:49 AM,Golf R,46258,Full,$3.939,12.315,$48.51,Premium [Octane: 91],Citgo,,,American Express,0,,
Gas,22.24,2021-11-05,8:49 AM,Golf R,46415,Full,$3.899,7.061,$27.53,Premium [Octane: 91],Citgo,,,American Express,0,,
Gas,16.03,2021-12-20,8:49 AM,Golf R,46514,Full,$4.019,6.178,$24.83,Premium [Octane: 91],Citgo,,,American Express,0,,
Gas,27.6,2021-12-26,8:49 AM,Golf R,46702,Full,$4.099,6.811,$27.92,Premium [Octane: 91],Citgo,,,American Express,0,,
Gas,23.36,2022-02-12,8:49 AM,Golf R,46967,Full,$4.119,11.343,$46.72,Premium [Octane: 91],Citgo,,,American Express,0,,
Gas,13.26,2022-03-15,8:49 AM,Golf R,47016,Full,$4.559,3.696,$16.85,Premium [Octane: 91],Citgo,,,American Express,0,,
Service,0,2022-03-15,5:00 PM,Golf R,47016,,$0.00,0,$20.00,,,,,American Express,0,,Rotate Tires & Alignment
